Id,DriverName,CustomerName,Amount,Vehicle,ChangedAt
1,"Sophia Davis","Emily Brown",601,"Chevrolet 3 Series",2023-11-19
2,"David Johnson","Emily Smith",961,"Honda Camry",2023-11-13
3,"John Miller","Sophia Wilson",85,"Volkswagen F-150",2023-11-11
4,"Emma Miller","Christopher Davis",961,"Volkswagen C-Class",2023-11-17
5,"Jane Miller","Michael Wilson",823,"Chevrolet C-Class",2023-11-06
6,"Sophia Smith","John Smith",848,"Nissan Accord",2023-11-24
7,"Emily Jones","Jane Johnson",205,"Nissan 3 Series",2023-11-17
8,"Sophia Smith","Emma Johnson",701,"Volkswagen Camry",2023-11-14
9,"Emma Jones","Emma Wilson",666,"Honda Jetta",2023-11-06
10,"Jane Williams","Michael Johnson",830,"BMW Altima",2023-11-11
11,"Sophia Brown","Sophia Brown",393,"Nissan F-150",2023-11-21
12,"David Jones","Emma Wilson",76,"Volkswagen C-Class",2023-11-24
13,"John Brown","Christopher Johnson",350,"Honda C-Class",2023-11-30
14,"Michael Williams","Jane Jones",160,"Chevrolet Accord",2023-11-04
15,"Christopher Davis","John Williams",747,"Mercedes-Benz Accord",2023-11-13
16,"Emily Williams","Christopher Davis",771,"Ford Civic",2023-11-09
17,"Emma Williams","Michael Jones",643,"BMW Jetta",2023-11-20
18,"Sophia Smith","Emma Brown",346,"Honda C-Class",2023-11-10
19,"John Johnson","Christopher Williams",143,"Chevrolet Camry",2023-11-14
20,"Emily Miller","Emma Smith",289,"BMW Camry",2023-11-22
21,"Michael Miller","Sophia Wilson",149,"Honda Civic",2023-11-04
22,"Michael Wilson","Emily Miller",42,"Toyota Altima",2023-11-23
23,"Sophia Brown","Sophia Johnson",586,"Mercedes-Benz F-150",2023-11-19
24,"Emma Davis","David Williams",293,"Volkswagen Altima",2023-11-29
25,"Christopher Johnson","Sophia Wilson",351,"Toyota Civic",2023-11-12
26,"Christopher Williams","Jane Smith",579,"Nissan Accord",2023-11-21
27,"David Williams","Emily Brown",905,"Nissan C-Class",2023-11-22
28,"Christopher Wilson","Michael Jones",638,"Ford Camry",2023-11-05
29,"Michael Davis","Christopher Smith",963,"Honda F-150",2023-11-25
30,"Christopher Johnson","Emma Davis",772,"Honda F-150",2023-11-27
31,"Emma Davis","David Miller",483,"Chevrolet Camry",2023-11-30
32,"Christopher Smith","Michael Miller",816,"Chevrolet 3 Series",2023-11-30
33,"Emily Smith","Christopher Williams",578,"Honda F-150",2023-11-12
34,"Emma Davis","David Jones",714,"Nissan F-150",2023-11-27
35,"Jane Miller","John Wilson",711,"Toyota 3 Series",2023-11-25
36,"Emma Williams","John Davis",913,"Mercedes-Benz Accord",2023-11-27
37,"Michael Davis","Emma Davis",194,"Nissan Accord",2023-11-10
38,"Michael Davis","John Williams",100,"Ford Camry",2023-11-26
39,"Michael Williams","Jane Jones",218,"BMW Jetta",2023-11-05
40,"Christopher Wilson","Emily Johnson",515,"BMW Jetta",2023-11-06
41,"Emma Jones","Michael Johnson",98,"Nissan 3 Series",2023-11-01
42,"Jane Johnson","John Smith",938,"Ford Camry",2023-11-07
43,"John Miller","Emily Johnson",829,"Nissan Camry",2023-11-14
44,"Emma Williams","Christopher Smith",736,"BMW Altima",2023-11-19
45,"Christopher Wilson","Sophia Davis",994,"Mercedes-Benz Altima",2023-11-09
46,"Sophia Davis","Sophia Johnson",264,"Mercedes-Benz Jetta",2023-11-30
47,"Sophia Davis","Emily Jones",977,"Honda Civic",2023-11-08
48,"Emily Jones","Emma Davis",722,"Nissan Civic",2023-11-07
49,"Christopher Brown","Emma Smith",971,"Ford Altima",2023-11-26
50,"John Johnson","John Jones",507,"Toyota Altima",2023-11-14
51,"Emily Miller","Sophia Jones",999,"BMW F-150",2023-11-24
52,"Jane Jones","Emily Williams",64,"Nissan Jetta",2023-11-06
53,"Emma Brown","Michael Wilson",961,"Nissan Accord",2023-11-08
54,"Michael Smith","Christopher Davis",536,"BMW Altima",2023-11-12
55,"David Williams","Emma Brown",148,"Mercedes-Benz Accord",2023-11-30
56,"Emma Wilson","Michael Wilson",640,"Volkswagen Camry",2023-11-11
57,"David Wilson","Michael Williams",674,"Toyota C-Class",2023-11-29
58,"Sophia Wilson","Christopher Williams",42,"Mercedes-Benz F-150",2023-11-11
59,"Emma Jones","Jane Wilson",100,"Ford Altima",2023-11-16
60,"Michael Williams","Jane Brown",194,"Chevrolet Civic",2023-11-30
61,"Christopher Williams","Jane Brown",282,"Ford Jetta",2023-11-16
62,"Sophia Brown","Christopher Smith",917,"Chevrolet Accord",2023-11-11
63,"Emily Williams","Sophia Jones",710,"Honda Civic",2023-11-02
64,"Emma Williams","Emily Wilson",735,"Volkswagen Camry",2023-11-15
65,"John Miller","Sophia Wilson",352,"Volkswagen C-Class",2023-11-30
66,"John Miller","Michael Brown",362,"Mercedes-Benz C-Class",2023-11-05
67,"Christopher Miller","John Wilson",587,"Ford Civic",2023-11-17
68,"Sophia Williams","Christopher Wilson",285,"Chevrolet Jetta",2023-11-21
69,"Michael Johnson","Jane Davis",841,"Mercedes-Benz Civic",2023-11-26
70,"Emily Brown","Emma Johnson",841,"Toyota C-Class",2023-11-25
71,"Emma Williams","Jane Jones",490,"BMW Accord",2023-11-27
72,"Emma Brown","Christopher Jones",535,"Ford Jetta",2023-11-28
73,"Christopher Miller","Sophia Williams",196,"Chevrolet C-Class",2023-11-07
74,"Jane Smith","Emily Wilson",670,"Toyota 3 Series",2023-11-11
75,"Michael Williams","Sophia Wilson",118,"Nissan Accord",2023-11-14
76,"David Williams","Sophia Williams",428,"Toyota 3 Series",2023-11-16
77,"Michael Smith","Michael Davis",724,"Mercedes-Benz Jetta",2023-11-22
78,"David Smith","John Davis",438,"Chevrolet Altima",2023-11-10
79,"Emma Wilson","Emma Davis",176,"Toyota Civic",2023-11-10
80,"Christopher Smith","Christopher Davis",384,"Mercedes-Benz F-150",2023-11-14
81,"Emily Smith","Emily Wilson",551,"BMW F-150",2023-11-16
82,"Emily Jones","Emma Brown",11,"Mercedes-Benz C-Class",2023-11-14
83,"Sophia Brown","John Smith",315,"Ford Accord",2023-11-13
84,"Michael Brown","David Miller",401,"Nissan Altima",2023-11-06
85,"Emma Brown","John Williams",200,"BMW Civic",2023-11-08
86,"Emma Brown","Michael Wilson",135,"Volkswagen Civic",2023-11-04
87,"Emma Smith","Emily Smith",962,"Honda F-150",2023-11-16
88,"Emily Williams","Jane Smith",586,"Ford Camry",2023-11-30
89,"Jane Johnson","Sophia Brown",972,"Honda Accord",2023-11-08
90,"David Miller","David Johnson",502,"Toyota C-Class",2023-11-24
91,"Christopher Smith","Jane Miller",817,"BMW C-Class",2023-11-04
92,"Jane Johnson","John Brown",190,"Chevrolet 3 Series",2023-11-30
93,"John Williams","Christopher Davis",378,"Mercedes-Benz F-150",2023-11-19
94,"John Williams","John Wilson",521,"Ford F-150",2023-11-10
95,"Emily Wilson","Emma Davis",74,"Ford Jetta",2023-11-26
96,"Christopher Davis","David Smith",112,"BMW Camry",2023-11-17
97,"John Jones","John Brown",696,"Honda Accord",2023-11-11
98,"Sophia Williams","Jane Davis",877,"Toyota Accord",2023-11-18
99,"Sophia Brown","Michael Smith",760,"Toyota Altima",2023-11-22
100,"Michael Brown","John Smith",121,"BMW Altima",2023-11-30
101,"Michael Johnson","Michael Jones",410,"Mercedes-Benz Altima",2023-11-06
102,"Emily Miller","Emma Williams",913,"Nissan Camry",2023-11-09
103,"Jane Smith","Michael Williams",669,"BMW Altima",2023-11-19
104,"Sophia Miller","Sophia Williams",556,"Chevrolet Civic",2023-11-12
105,"Sophia Williams","Michael Johnson",298,"Toyota C-Class",2023-11-28
106,"John Brown","Emily Brown",675,"Mercedes-Benz Jetta",2023-11-16
107,"Christopher Brown","Emily Davis",253,"Ford Altima",2023-11-14
108,"Jane Davis","Jane Smith",314,"Nissan Accord",2023-11-10
109,"Christopher Smith","Sophia Wilson",305,"Chevrolet Jetta",2023-11-21
110,"John Jones","Sophia Jones",79,"Toyota Accord",2023-11-02
111,"David Jones","David Wilson",907,"Ford 3 Series",2023-11-24
112,"Jane Jones","Emily Brown",375,"Honda Civic",2023-11-16
113,"Jane Smith","John Davis",962,"Chevrolet F-150",2023-11-08
114,"Emily Smith","Christopher Johnson",199,"Toyota F-150",2023-11-19
115,"Emma Miller","Jane Smith",445,"Chevrolet Altima",2023-11-06
116,"Michael Jones","Michael Davis",351,"Toyota C-Class",2023-11-07
117,"David Jones","Sophia Johnson",696,"Volkswagen Civic",2023-11-17
118,"David Miller","Jane Miller",323,"Ford Jetta",2023-11-25
119,"John Miller","Jane Davis",75,"Honda 3 Series",2023-11-03
120,"Christopher Davis","Emma Williams",484,"Nissan Altima",2023-11-08
121,"Christopher Brown","Emma Johnson",315,"Chevrolet F-150",2023-11-03
122,"Sophia Brown","Michael Miller",685,"Ford Civic",2023-11-08
123,"John Davis","Sophia Miller",674,"Ford Jetta",2023-11-26
124,"David Davis","Sophia Wilson",976,"Chevrolet Accord",2023-11-15
125,"John Miller","Jane Brown",486,"Nissan F-150",2023-11-11
126,"Sophia Smith","Sophia Davis",776,"Ford Camry",2023-11-29
127,"Sophia Brown","David Smith",140,"Volkswagen Camry",2023-11-11
128,"Michael Davis","Emily Miller",461,"Volkswagen Jetta",2023-11-18
129,"David Wilson","Michael Williams",912,"Ford Altima",2023-11-03
130,"Christopher Smith","Christopher Wilson",832,"Chevrolet Accord",2023-11-29
131,"Sophia Smith","Michael Jones",390,"Ford 3 Series",2023-11-11
132,"Christopher Miller","Emma Jones",656,"Toyota C-Class",2023-11-02
133,"John Jones","Jane Smith",445,"Ford Civic",2023-11-15
134,"Michael Johnson","Jane Davis",349,"Volkswagen Altima",2023-11-03
135,"Michael Johnson","Michael Jones",879,"Volkswagen 3 Series",2023-11-27
136,"Sophia Williams","Emma Davis",350,"Volkswagen C-Class",2023-11-10
137,"Sophia Williams","Emily Smith",838,"Honda C-Class",2023-11-25
138,"John Johnson","Christopher Wilson",371,"Mercedes-Benz 3 Series",2023-11-14
139,"Emma Jones","Emily Smith",519,"Mercedes-Benz Altima",2023-11-11
140,"Michael Miller","John Johnson",562,"Honda C-Class",2023-11-19
141,"Christopher Johnson","John Jones",949,"Toyota Altima",2023-11-14
142,"Emma Smith","Emma Smith",436,"Ford Civic",2023-11-18
143,"David Wilson","Emma Miller",196,"Honda F-150",2023-11-20
144,"Sophia Williams","John Jones",599,"Honda Jetta",2023-11-18
145,"John Williams","Sophia Davis",325,"Mercedes-Benz Civic",2023-11-17
146,"John Davis","Jane Davis",847,"Chevrolet Altima",2023-11-21
147,"Christopher Wilson","Jane Jones",570,"Volkswagen 3 Series",2023-11-20
148,"Jane Williams","Michael Wilson",940,"Chevrolet Jetta",2023-11-24
149,"Sophia Wilson","Emily Brown",436,"Nissan 3 Series",2023-11-26
150,"Emma Jones","David Miller",833,"Toyota Jetta",2023-11-02
151,"John Miller","Sophia Davis",398,"Chevrolet Accord",2023-11-17
152,"Michael Jones","David Williams",709,"Honda Civic",2023-11-13
153,"Jane Johnson","Emily Brown",414,"Nissan 3 Series",2023-11-25
154,"Emily Wilson","John Davis",74,"Toyota 3 Series",2023-11-02
155,"Christopher Brown","Jane Davis",339,"Toyota Accord",2023-11-14
156,"Jane Miller","Christopher Smith",523,"Nissan C-Class",2023-11-19
157,"David Smith","Sophia Williams",41,"Mercedes-Benz C-Class",2023-11-29
158,"David Miller","Christopher Williams",551,"Chevrolet 3 Series",2023-11-04
159,"Emily Smith","David Davis",643,"Nissan Jetta",2023-11-04
160,"Jane Williams","David Brown",666,"Honda Accord",2023-11-02
161,"David Johnson","John Brown",28,"Ford Camry",2023-11-19
162,"Sophia Miller","Michael Johnson",405,"Mercedes-Benz F-150",2023-11-15
163,"John Brown","David Williams",526,"Ford Civic",2023-11-21
164,"David Davis","John Brown",72,"Chevrolet F-150",2023-11-05
165,"Jane Wilson","Michael Jones",114,"Toyota Accord",2023-11-10
166,"Christopher Davis","Sophia Smith",193,"BMW F-150",2023-11-05
167,"Christopher Smith","Sophia Williams",689,"Nissan Civic",2023-11-16
168,"Christopher Jones","Christopher Smith",521,"Volkswagen Altima",2023-11-25
169,"Michael Brown","Jane Brown",524,"Ford Jetta",2023-11-01
170,"David Smith","Jane Johnson",629,"Volkswagen Jetta",2023-11-01
171,"Emma Davis","David Johnson",842,"BMW 3 Series",2023-11-09
172,"John Williams","Michael Williams",986,"Mercedes-Benz C-Class",2023-11-26
173,"David Wilson","Sophia Davis",308,"Mercedes-Benz Jetta",2023-11-25
174,"Emily Jones","Emily Wilson",252,"Mercedes-Benz Altima",2023-11-11
175,"Michael Johnson","Michael Davis",285,"Volkswagen F-150",2023-11-29
176,"David Jones","David Davis",222,"Ford Camry",2023-11-11
177,"Christopher Smith","David Johnson",799,"Toyota Civic",2023-11-01
178,"Emily Johnson","Michael Davis",583,"BMW Civic",2023-11-11
179,"Sophia Miller","Michael Jones",507,"Honda Jetta",2023-11-21
180,"Emma Jones","Christopher Wilson",72,"Mercedes-Benz Camry",2023-11-23
181,"David Wilson","John Smith",671,"Toyota C-Class",2023-11-28
182,"John Brown","David Jones",57,"BMW Civic",2023-11-22
183,"Emma Wilson","Michael Miller",395,"Honda Jetta",2023-11-18
184,"Sophia Davis","Emma Johnson",387,"Ford 3 Series",2023-11-04
185,"John Williams","Michael Jones",534,"Toyota Camry",2023-11-08
186,"Michael Williams","John Jones",223,"Ford Jetta",2023-11-21
187,"Jane Johnson","David Johnson",966,"Toyota Altima",2023-11-19
188,"Emma Williams","Jane Johnson",588,"Chevrolet C-Class",2023-11-23
189,"Emily Wilson","Sophia Brown",364,"Nissan Civic",2023-11-15
190,"Sophia Johnson","David Johnson",871,"Toyota Camry",2023-11-24
191,"John Johnson","John Johnson",11,"Nissan F-150",2023-11-13
192,"Michael Davis","Jane Davis",855,"Ford Camry",2023-11-18
193,"Sophia Wilson","Jane Miller",879,"BMW 3 Series",2023-11-30
194,"Emily Johnson","John Johnson",83,"Volkswagen Camry",2023-11-07
195,"Jane Wilson","Christopher Wilson",696,"Volkswagen 3 Series",2023-11-25
196,"Sophia Miller","Michael Wilson",609,"Chevrolet Camry",2023-11-08
197,"Emily Miller","Emma Smith",274,"Chevrolet F-150",2023-11-08
198,"Michael Davis","Emma Davis",380,"BMW 3 Series",2023-11-22
199,"Michael Davis","Sophia Williams",11,"BMW F-150",2023-11-04
200,"Sophia Miller","Christopher Jones",36,"Toyota Altima",2023-11-12
201,"Sophia Smith","David Johnson",217,"Honda Accord",2023-11-16
202,"Christopher Davis","Michael Smith",523,"Mercedes-Benz Jetta",2023-11-11
203,"Sophia Miller","Christopher Davis",969,"Volkswagen F-150",2023-11-09
204,"Emily Brown","Christopher Miller",607,"Ford 3 Series",2023-11-11
205,"Emma Johnson","Christopher Williams",198,"Toyota C-Class",2023-11-10
206,"Michael Davis","David Brown",128,"Toyota C-Class",2023-11-04
207,"Emma Jones","Jane Davis",283,"Chevrolet F-150",2023-11-13
208,"John Jones","Jane Brown",706,"Toyota Civic",2023-11-18
209,"David Wilson","David Wilson",71,"Volkswagen Camry",2023-11-29
210,"Sophia Brown","Jane Wilson",897,"Nissan C-Class",2023-11-03
211,"John Smith","John Smith",998,"Mercedes-Benz Jetta",2023-11-30
212,"Michael Davis","Emily Smith",879,"Toyota Civic",2023-11-07
213,"Emily Wilson","David Wilson",57,"Toyota Civic",2023-11-08
214,"John Johnson","Jane Smith",625,"BMW Civic",2023-11-27
215,"Sophia Davis","John Williams",229,"Toyota Altima",2023-11-29
216,"Sophia Brown","John Johnson",152,"Toyota Civic",2023-11-12
217,"David Davis","Sophia Wilson",503,"Nissan F-150",2023-11-02
218,"Christopher Jones","Emily Smith",943,"Toyota F-150",2023-11-02
219,"Emily Miller","Emma Williams",989,"Toyota C-Class",2023-11-10
220,"Sophia Brown","Michael Smith",574,"Honda Camry",2023-11-22
221,"John Jones","Emma Williams",871,"Toyota C-Class",2023-11-01
222,"Christopher Brown","John Miller",983,"BMW Camry",2023-11-16
223,"David Brown","Emma Johnson",122,"Ford Altima",2023-11-18
224,"Christopher Williams","Emily Brown",949,"Volkswagen Accord",2023-11-05
225,"John Smith","Jane Jones",961,"Toyota Civic",2023-11-12
226,"David Wilson","John Williams",14,"Honda Jetta",2023-11-22
227,"Christopher Davis","Emma Brown",49,"Chevrolet Jetta",2023-11-09
228,"Jane Williams","Emma Davis",289,"Ford 3 Series",2023-11-23
229,"Christopher Johnson","Emily Davis",621,"Chevrolet Jetta",2023-11-23
230,"David Wilson","Emily Smith",234,"Honda Accord",2023-11-16
231,"David Johnson","Sophia Wilson",91,"Volkswagen C-Class",2023-11-02
232,"Emma Jones","Emma Davis",558,"Ford Jetta",2023-11-06
233,"Sophia Johnson","Jane Smith",511,"Mercedes-Benz Camry",2023-11-18
234,"Sophia Wilson","Christopher Miller",102,"Mercedes-Benz F-150",2023-11-11
235,"Jane Johnson","Sophia Williams",474,"Nissan 3 Series",2023-11-01
236,"John Williams","Emily Williams",249,"Nissan C-Class",2023-11-22
237,"David Williams","Jane Johnson",304,"Honda C-Class",2023-11-07
238,"Emily Jones","Emily Williams",779,"Mercedes-Benz Jetta",2023-11-19
239,"David Smith","David Miller",145,"Chevrolet Civic",2023-11-07
240,"Sophia Smith","Sophia Wilson",722,"Mercedes-Benz Camry",2023-11-26
241,"Michael Williams","Emma Brown",345,"Volkswagen Accord",2023-11-29
242,"David Brown","Sophia Johnson",539,"Honda 3 Series",2023-11-07
243,"Sophia Miller","Emma Miller",28,"Mercedes-Benz Civic",2023-11-19
244,"Michael Smith","Michael Brown",973,"Toyota Altima",2023-11-26
245,"John Davis","Emma Johnson",41,"Toyota Accord",2023-11-13
246,"Jane Williams","Sophia Miller",258,"Chevrolet Civic",2023-11-11
247,"Christopher Brown","Jane Johnson",132,"Mercedes-Benz Jetta",2023-11-05
248,"Michael Miller","Emily Davis",78,"Honda Jetta",2023-11-27
249,"Emma Davis","Emma Williams",292,"Chevrolet Civic",2023-11-24
250,"Christopher Davis","Christopher Jones",801,"Ford F-150",2023-11-09
251,"Emily Brown","David Johnson",570,"Mercedes-Benz Accord",2023-11-07
252,"Christopher Brown","Sophia Davis",929,"Ford Altima",2023-11-06
253,"John Davis","John Johnson",740,"Nissan Accord",2023-11-20
254,"Christopher Davis","Christopher Smith",591,"Honda Camry",2023-11-13
255,"Christopher Smith","John Jones",611,"Ford Jetta",2023-11-22
256,"Sophia Williams","John Davis",906,"Ford F-150",2023-11-28
257,"John Smith","Emma Johnson",832,"Volkswagen F-150",2023-11-27
258,"Emma Davis","Sophia Williams",487,"Chevrolet Accord",2023-11-24
259,"Michael Davis","Jane Wilson",554,"Nissan F-150",2023-11-23
260,"Christopher Brown","John Jones",475,"Chevrolet Accord",2023-11-03
261,"David Williams","Jane Wilson",880,"Volkswagen Altima",2023-11-14
262,"Jane Miller","Emily Miller",647,"Honda Civic",2023-11-28
263,"Jane Jones","Emma Johnson",55,"Chevrolet Civic",2023-11-01
264,"John Johnson","Emma Williams",799,"BMW Jetta",2023-11-23
265,"Emily Miller","Emma Davis",296,"Chevrolet Accord",2023-11-12
266,"Sophia Jones","Jane Brown",437,"Mercedes-Benz Accord",2023-11-01
267,"David Wilson","John Brown",597,"Mercedes-Benz F-150",2023-11-03
268,"Michael Miller","Sophia Brown",254,"Mercedes-Benz Civic",2023-11-02
269,"John Johnson","David Williams",377,"Volkswagen Accord",2023-11-05
270,"John Wilson","Sophia Jones",519,"Volkswagen 3 Series",2023-11-14
271,"John Brown","Sophia Smith",751,"Honda Altima",2023-11-09
272,"Michael Miller","Emma Davis",817,"Honda 3 Series",2023-11-08
273,"Christopher Davis","David Wilson",853,"Mercedes-Benz Accord",2023-11-15
274,"Christopher Jones","John Williams",422,"Ford Altima",2023-11-18
275,"Emily Wilson","John Williams",614,"Chevrolet F-150",2023-11-19
276,"Emma Miller","Emma Johnson",836,"Mercedes-Benz Accord",2023-11-30
277,"Emily Davis","Sophia Miller",383,"Toyota Civic",2023-11-13
278,"John Brown","Emily Brown",849,"Toyota C-Class",2023-11-24
279,"Emily Jones","Jane Williams",197,"BMW C-Class",2023-11-24
280,"Christopher Smith","Sophia Miller",909,"Mercedes-Benz Camry",2023-11-05
281,"Jane Smith","Michael Jones",253,"Volkswagen C-Class",2023-11-09
282,"Christopher Davis","Emma Jones",511,"Chevrolet 3 Series",2023-11-02
283,"John Johnson","Emily Brown",105,"Chevrolet Altima",2023-11-22
284,"John Davis","Christopher Jones",535,"Honda Jetta",2023-11-17
285,"John Miller","Christopher Brown",581,"Ford F-150",2023-11-15
286,"David Davis","Michael Brown",928,"Honda 3 Series",2023-11-22
287,"John Davis","John Williams",983,"Volkswagen Accord",2023-11-13
288,"Jane Smith","David Wilson",428,"Toyota Civic",2023-11-19
289,"David Brown","Sophia Smith",221,"Mercedes-Benz Accord",2023-11-27
290,"Jane Miller","Emma Williams",582,"Toyota C-Class",2023-11-30
291,"John Williams","Michael Davis",980,"Mercedes-Benz Civic",2023-11-13
292,"Michael Brown","Jane Miller",687,"Mercedes-Benz Civic",2023-11-22
293,"Emily Wilson","Emma Miller",35,"Toyota Civic",2023-11-22
294,"Sophia Williams","Emma Williams",44,"BMW 3 Series",2023-11-02
295,"Emma Wilson","Jane Brown",85,"BMW Camry",2023-11-03
296,"Christopher Davis","Christopher Williams",812,"Honda F-150",2023-11-04
297,"Michael Wilson","Emma Williams",375,"Volkswagen C-Class",2023-11-10
298,"David Williams","David Davis",758,"Toyota Altima",2023-11-28
299,"David Davis","Emma Williams",624,"BMW Camry",2023-11-30
300,"Emily Davis","John Johnson",418,"Mercedes-Benz Camry",2023-11-22
301,"David Miller","Christopher Miller",747,"Toyota Accord",2023-11-06
302,"John Wilson","Emma Wilson",49,"Ford Altima",2023-11-24
303,"Emily Williams","John Davis",838,"BMW 3 Series",2023-11-10
304,"David Brown","David Miller",167,"Volkswagen Altima",2023-11-07
305,"Jane Johnson","John Brown",486,"Ford C-Class",2023-11-19
306,"Christopher Jones","Michael Wilson",190,"Nissan 3 Series",2023-11-04
307,"Emma Wilson","Emily Johnson",443,"Honda F-150",2023-11-30
308,"John Davis","John Brown",305,"BMW Camry",2023-11-02
309,"Christopher Smith","Emily Miller",304,"BMW F-150",2023-11-19
310,"Emma Johnson","David Wilson",470,"Chevrolet Camry",2023-11-24
311,"Christopher Williams","Michael Brown",454,"Nissan Altima",2023-11-24
312,"Michael Smith","Michael Smith",850,"BMW F-150",2023-11-26
313,"Jane Smith","Emma Miller",392,"Honda C-Class",2023-11-30
314,"Jane Jones","Sophia Smith",890,"Mercedes-Benz 3 Series",2023-11-05
315,"Michael Miller","Christopher Wilson",531,"Mercedes-Benz C-Class",2023-11-30
316,"Emma Smith","Emma Wilson",195,"Honda F-150",2023-11-23
317,"David Miller","David Wilson",790,"Nissan Altima",2023-11-27
318,"David Brown","Jane Johnson",811,"BMW Camry",2023-11-14
319,"David Brown","Michael Williams",515,"Honda F-150",2023-11-20
320,"Emily Wilson","Emily Williams",567,"Ford Altima",2023-11-06
321,"Michael Johnson","Jane Wilson",125,"Nissan Camry",2023-11-16
322,"Emma Johnson","Michael Jones",660,"Ford Civic",2023-11-29
323,"Michael Wilson","Jane Wilson",972,"Ford Civic",2023-11-09
324,"Sophia Johnson","Sophia Johnson",207,"Mercedes-Benz 3 Series",2023-11-01
325,"Christopher Johnson","Jane Davis",669,"Mercedes-Benz Camry",2023-11-06
326,"Jane Brown","Emma Smith",714,"Chevrolet 3 Series",2023-11-24
327,"Emily Williams","David Miller",989,"Chevrolet Altima",2023-11-15
328,"Michael Smith","Christopher Williams",445,"Nissan Civic",2023-11-05
329,"Emma Smith","Sophia Johnson",597,"BMW 3 Series",2023-11-08
330,"John Wilson","Emily Johnson",642,"Toyota Camry",2023-11-14
331,"Emily Smith","Christopher Davis",813,"Toyota F-150",2023-11-02
332,"Christopher Miller","John Johnson",779,"Volkswagen Altima",2023-11-12
333,"Christopher Williams","Jane Jones",65,"Honda Jetta",2023-11-24
334,"Emma Wilson","Christopher Jones",379,"Toyota F-150",2023-11-27
335,"Michael Brown","Christopher Brown",258,"Mercedes-Benz Civic",2023-11-17
336,"Michael Johnson","Christopher Smith",85,"Ford Jetta",2023-11-19
337,"Emma Davis","David Miller",640,"Volkswagen F-150",2023-11-07
338,"Jane Brown","Christopher Jones",147,"Ford Altima",2023-11-09
339,"Christopher Davis","Sophia Smith",101,"Nissan Civic",2023-11-03
340,"Jane Jones","Jane Davis",214,"Nissan Altima",2023-11-11
341,"Jane Brown","Emily Miller",404,"Volkswagen Accord",2023-11-14
342,"Michael Miller","Christopher Wilson",446,"Chevrolet Camry",2023-11-10
343,"Michael Jones","Sophia Williams",74,"Toyota C-Class",2023-11-16
344,"Emma Williams","Sophia Wilson",89,"Chevrolet Jetta",2023-11-28
345,"Emily Johnson","Emily Brown",12,"BMW Jetta",2023-11-17
346,"Christopher Miller","Michael Brown",507,"Nissan 3 Series",2023-11-29
347,"David Miller","Sophia Johnson",911,"Volkswagen Altima",2023-11-25
348,"Sophia Smith","Emily Brown",157,"Ford Camry",2023-11-09
349,"Jane Jones","John Wilson",59,"Volkswagen F-150",2023-11-30
350,"Michael Davis","Emily Brown",377,"Toyota Jetta",2023-11-06
351,"Emma Jones","Jane Brown",527,"Toyota C-Class",2023-11-06
352,"David Wilson","Emma Davis",389,"BMW Accord",2023-11-02
353,"Christopher Miller","Sophia Johnson",142,"Honda C-Class",2023-11-05
354,"Sophia Davis","Emily Brown",805,"Honda C-Class",2023-11-07
355,"Emily Williams","John Miller",938,"Mercedes-Benz Jetta",2023-11-11
356,"Christopher Davis","Emily Jones",695,"Ford Camry",2023-11-09
357,"David Wilson","Emma Williams",896,"Mercedes-Benz Altima",2023-11-14
358,"David Smith","Michael Wilson",730,"Mercedes-Benz Altima",2023-11-02
359,"Jane Miller","Michael Jones",472,"BMW Camry",2023-11-15
360,"John Smith","David Davis",85,"Volkswagen Camry",2023-11-21
361,"Christopher Williams","Emily Johnson",667,"Chevrolet Camry",2023-11-15
362,"Sophia Miller","Michael Smith",227,"Mercedes-Benz 3 Series",2023-11-01
363,"Sophia Davis","Michael Williams",618,"BMW Accord",2023-11-06
364,"Jane Wilson","Sophia Smith",289,"Volkswagen Accord",2023-11-11
365,"Emily Wilson","John Brown",214,"Ford Accord",2023-11-02
366,"Sophia Smith","Sophia Williams",883,"Honda F-150",2023-11-05
367,"John Brown","John Johnson",129,"Toyota Camry",2023-11-18
368,"Christopher Johnson","John Johnson",803,"BMW Accord",2023-11-23
369,"John Jones","Sophia Smith",225,"Ford Camry",2023-11-14
370,"John Jones","Emma Johnson",419,"Honda Altima",2023-11-13
371,"Michael Williams","John Jones",484,"Mercedes-Benz 3 Series",2023-11-04
372,"Emma Johnson","Christopher Davis",413,"Chevrolet F-150",2023-11-22
373,"Christopher Miller","Michael Brown",41,"Mercedes-Benz Accord",2023-11-27
374,"Michael Wilson","Jane Wilson",829,"Mercedes-Benz 3 Series",2023-11-23
375,"Emily Brown","Jane Smith",191,"Toyota C-Class",2023-11-06
376,"Sophia Wilson","Emma Smith",851,"Mercedes-Benz Camry",2023-11-26
377,"Michael Smith","Michael Johnson",749,"Nissan Camry",2023-11-13
378,"Jane Johnson","Sophia Davis",306,"Chevrolet Jetta",2023-11-19
379,"Sophia Brown","Emily Jones",698,"Toyota Camry",2023-11-09
380,"Christopher Smith","Michael Jones",590,"BMW Accord",2023-11-09
381,"John Williams","David Wilson",858,"Nissan C-Class",2023-11-08
382,"David Jones","Sophia Smith",580,"Honda Accord",2023-11-22
383,"Emily Williams","Michael Williams",113,"Mercedes-Benz Camry",2023-11-04
384,"Jane Johnson","Emma Wilson",281,"Toyota Civic",2023-11-06
385,"David Jones","David Miller",366,"Mercedes-Benz Camry",2023-11-03
386,"Christopher Wilson","David Wilson",399,"Honda Jetta",2023-11-27
387,"Christopher Johnson","Christopher Williams",543,"Volkswagen Camry",2023-11-10
388,"Jane Smith","Michael Miller",391,"Ford Camry",2023-11-11
389,"Michael Jones","Christopher Davis",18,"Nissan Jetta",2023-11-28
390,"David Williams","Michael Wilson",319,"Mercedes-Benz C-Class",2023-11-13
391,"Emma Williams","Jane Smith",141,"Honda F-150",2023-11-21
392,"Emily Davis","David Brown",156,"Volkswagen C-Class",2023-11-16
393,"Jane Johnson","Michael Smith",366,"Mercedes-Benz Jetta",2023-11-12
394,"David Jones","Michael Miller",400,"Honda Altima",2023-11-30
395,"Emily Brown","Michael Brown",561,"Ford Jetta",2023-11-25
396,"Sophia Miller","Jane Brown",552,"BMW F-150",2023-11-09
397,"Emma Smith","John Johnson",652,"BMW 3 Series",2023-11-27
398,"Sophia Wilson","David Wilson",130,"Honda C-Class",2023-11-06
399,"Christopher Brown","John Jones",82,"Ford 3 Series",2023-11-12
400,"Sophia Williams","Michael Brown",493,"Toyota F-150",2023-11-27
401,"Emily Williams","Jane Williams",352,"Ford Altima",2023-11-10
402,"John Smith","David Johnson",23,"Ford Accord",2023-11-27
403,"Jane Williams","Christopher Jones",766,"Nissan Civic",2023-11-13
404,"Christopher Johnson","John Johnson",819,"BMW Camry",2023-11-07
405,"Emma Johnson","Emily Wilson",948,"Nissan C-Class",2023-11-13
406,"John Williams","John Williams",917,"Chevrolet C-Class",2023-11-24
407,"Sophia Miller","Emily Smith",834,"Ford Accord",2023-11-02
408,"John Johnson","David Brown",836,"Chevrolet C-Class",2023-11-03
409,"John Johnson","Christopher Davis",751,"Nissan Jetta",2023-11-16
410,"Jane Smith","Michael Smith",486,"Mercedes-Benz C-Class",2023-11-10
411,"Jane Davis","John Williams",614,"Nissan 3 Series",2023-11-26
412,"Michael Johnson","John Williams",532,"BMW Civic",2023-11-05
413,"John Davis","Jane Davis",154,"Chevrolet F-150",2023-11-05
414,"Emma Williams","Emma Williams",622,"Nissan 3 Series",2023-11-07
415,"Emily Miller","David Smith",369,"Honda Jetta",2023-11-07
416,"Christopher Davis","Emma Johnson",688,"Nissan Civic",2023-11-19
417,"John Davis","Michael Wilson",442,"Honda Camry",2023-11-24
418,"Sophia Davis","Christopher Miller",930,"Volkswagen Altima",2023-11-19
419,"Emily Williams","David Brown",372,"Honda Accord",2023-11-25
420,"Sophia Wilson","Emily Davis",607,"Chevrolet C-Class",2023-11-26
421,"John Williams","John Brown",902,"Nissan Camry",2023-11-15
422,"Emily Brown","John Jones",70,"BMW Civic",2023-11-26
423,"Christopher Jones","Michael Johnson",533,"Honda 3 Series",2023-11-14
424,"Sophia Wilson","Christopher Miller",769,"Mercedes-Benz C-Class",2023-11-03
425,"David Miller","Emily Smith",392,"Mercedes-Benz F-150",2023-11-12
426,"Emma Williams","Jane Miller",597,"Toyota Altima",2023-11-27
427,"John Johnson","Michael Smith",882,"Nissan 3 Series",2023-11-15
428,"Emily Miller","Jane Smith",559,"Toyota 3 Series",2023-11-03
429,"David Smith","Emily Jones",979,"Volkswagen Accord",2023-11-03
430,"David Miller","Emma Wilson",472,"Volkswagen Civic",2023-11-09
431,"Emily Jones","David Davis",660,"Volkswagen C-Class",2023-11-14
432,"John Johnson","Sophia Smith",395,"BMW Altima",2023-11-11
433,"Michael Smith","Emily Brown",482,"Ford Civic",2023-11-20
434,"Christopher Jones","Jane Jones",374,"Chevrolet Civic",2023-11-18
435,"John Wilson","John Wilson",68,"Chevrolet Accord",2023-11-22
436,"Sophia Miller","David Johnson",327,"Honda C-Class",2023-11-04
437,"Michael Davis","Emma Johnson",830,"Ford 3 Series",2023-11-08
438,"Jane Jones","Emily Wilson",847,"Nissan Accord",2023-11-04
439,"Jane Brown","Michael Wilson",362,"Ford Accord",2023-11-30
440,"David Brown","Sophia Williams",725,"Honda F-150",2023-11-11
441,"John Brown","Sophia Johnson",673,"BMW Jetta",2023-11-27
442,"Michael Jones","David Davis",835,"Toyota Civic",2023-11-02
443,"David Brown","Christopher Smith",867,"BMW C-Class",2023-11-05
444,"David Davis","Michael Johnson",704,"BMW Accord",2023-11-16
445,"Sophia Wilson","Jane Williams",151,"BMW C-Class",2023-11-22
446,"John Davis","Emma Smith",184,"Mercedes-Benz 3 Series",2023-11-30
447,"Jane Wilson","Jane Wilson",908,"Honda C-Class",2023-11-22
448,"Michael Jones","Emily Jones",598,"Toyota 3 Series",2023-11-16
449,"John Smith","John Davis",987,"Nissan Camry",2023-11-14
450,"Sophia Miller","David Miller",561,"Ford C-Class",2023-11-22
451,"Emma Davis","Emily Williams",865,"BMW Jetta",2023-11-02
452,"Michael Miller","Emily Davis",802,"Toyota Altima",2023-11-07
453,"Emily Smith","Emma Jones",552,"Toyota 3 Series",2023-11-05
454,"Emily Miller","Emma Jones",468,"Toyota Civic",2023-11-07
455,"Christopher Williams","Emma Miller",387,"BMW Accord",2023-11-03
456,"John Brown","David Miller",660,"Toyota Accord",2023-11-10
457,"Jane Wilson","Sophia Davis",191,"BMW Altima",2023-11-04
458,"Emma Williams","Emma Johnson",30,"Volkswagen Jetta",2023-11-08
459,"Emily Williams","Christopher Miller",526,"Ford Altima",2023-11-18
460,"Jane Johnson","David Brown",389,"Ford Accord",2023-11-19
461,"David Smith","Emma Brown",160,"Volkswagen C-Class",2023-11-29
462,"Emma Brown","Jane Davis",691,"Chevrolet F-150",2023-11-09
463,"Emily Jones","John Williams",488,"Toyota Accord",2023-11-02
464,"Christopher Jones","Emma Williams",601,"Toyota Accord",2023-11-21
465,"David Jones","Jane Miller",831,"Volkswagen Jetta",2023-11-14
466,"Emma Brown","David Smith",997,"Volkswagen 3 Series",2023-11-22
467,"David Williams","John Johnson",465,"Mercedes-Benz 3 Series",2023-11-03
468,"John Miller","Michael Williams",723,"Honda C-Class",2023-11-14
469,"Emily Brown","Emily Johnson",999,"Chevrolet C-Class",2023-11-16
470,"Emily Johnson","Emily Jones",245,"Mercedes-Benz Altima",2023-11-08
471,"Emily Jones","Emily Smith",110,"Nissan Jetta",2023-11-13
472,"David Miller","Jane Wilson",897,"Honda Accord",2023-11-23
473,"David Davis","Emily Brown",894,"Nissan Altima",2023-11-14
474,"David Davis","Sophia Williams",950,"Honda Civic",2023-11-10
475,"John Williams","Emily Johnson",77,"Ford Jetta",2023-11-10
476,"Christopher Miller","Michael Wilson",153,"Mercedes-Benz Camry",2023-11-06
477,"John Wilson","Christopher Smith",548,"BMW C-Class",2023-11-06
478,"John Jones","Emily Williams",427,"Ford C-Class",2023-11-01
479,"David Brown","Emma Jones",900,"Mercedes-Benz Jetta",2023-11-26
480,"David Johnson","Emily Jones",837,"BMW Camry",2023-11-08
481,"Emma Johnson","Jane Johnson",629,"Nissan Civic",2023-11-24
482,"Sophia Jones","Sophia Smith",192,"BMW F-150",2023-11-23
483,"Christopher Wilson","Sophia Smith",814,"Volkswagen Civic",2023-11-14
484,"Sophia Miller","Sophia Miller",908,"Mercedes-Benz C-Class",2023-11-28
485,"David Davis","Michael Miller",395,"Mercedes-Benz Accord",2023-11-17
486,"David Davis","Emma Jones",502,"Volkswagen Civic",2023-11-17
487,"John Williams","Christopher Miller",582,"Volkswagen Accord",2023-11-08
488,"John Wilson","John Brown",372,"BMW Altima",2023-11-18
489,"Emily Miller","Christopher Williams",530,"Volkswagen C-Class",2023-11-13
490,"John Wilson","John Jones",173,"Mercedes-Benz Camry",2023-11-22
491,"Michael Johnson","Emily Brown",485,"Honda Camry",2023-11-19
492,"Jane Brown","Christopher Williams",540,"BMW Accord",2023-11-28
493,"Michael Brown","John Wilson",242,"Honda Civic",2023-11-26
494,"John Miller","David Johnson",181,"Nissan Jetta",2023-11-21
495,"Christopher Smith","Emily Williams",229,"Honda Camry",2023-11-22
496,"Michael Johnson","Christopher Johnson",668,"Nissan Altima",2023-11-29
497,"Michael Miller","John Wilson",350,"Volkswagen 3 Series",2023-11-29
498,"John Johnson","John Wilson",17,"Toyota Civic",2023-11-04
499,"David Jones","Emily Jones",610,"BMW Jetta",2023-11-30
500,"Emily Brown","Christopher Miller",521,"Volkswagen Civic",2023-11-15
501,"David Smith","Emily Jones",572,"Volkswagen Civic",2023-11-28
502,"John Smith","David Smith",247,"Mercedes-Benz C-Class",2023-11-09
503,"Christopher Wilson","Christopher Williams",378,"Chevrolet Jetta",2023-11-27
504,"Jane Williams","Jane Smith",412,"Volkswagen Jetta",2023-11-28
505,"Emily Jones","Emma Brown",972,"Ford F-150",2023-11-16
506,"Emily Wilson","John Williams",70,"Toyota 3 Series",2023-11-29
507,"Sophia Williams","Emily Johnson",604,"Toyota Jetta",2023-11-23
508,"Emily Brown","Jane Williams",907,"Honda Camry",2023-11-21
509,"John Johnson","Michael Miller",874,"Chevrolet Accord",2023-11-15
510,"Michael Jones","Michael Davis",621,"Volkswagen Civic",2023-11-16
511,"Sophia Miller","Sophia Brown",812,"Honda C-Class",2023-11-26
512,"Emily Davis","Jane Smith",346,"Mercedes-Benz F-150",2023-11-20
513,"Sophia Brown","Emily Williams",737,"BMW Altima",2023-11-20
514,"Emma Williams","Christopher Smith",426,"BMW 3 Series",2023-11-18
515,"Christopher Williams","Michael Williams",125,"Volkswagen Jetta",2023-11-09
516,"John Williams","Christopher Jones",391,"Toyota Jetta",2023-11-29
517,"John Wilson","Emily Davis",455,"Toyota Civic",2023-11-29
518,"Emily Brown","John Jones",959,"Chevrolet Civic",2023-11-26
519,"Emma Williams","Sophia Jones",653,"Mercedes-Benz Altima",2023-11-25
520,"Emily Davis","Emma Brown",702,"Volkswagen Altima",2023-11-12
521,"John Wilson","Michael Johnson",703,"Toyota Jetta",2023-11-01
522,"Michael Johnson","Emma Johnson",979,"Volkswagen F-150",2023-11-17
523,"Emma Wilson","Emma Williams",572,"BMW F-150",2023-11-27
524,"Michael Davis","David Miller",58,"Ford C-Class",2023-11-27
525,"Michael Johnson","David Brown",629,"Mercedes-Benz Altima",2023-11-17
526,"David Brown","Emma Brown",914,"BMW C-Class",2023-11-17
527,"Emma Davis","Emma Johnson",793,"Nissan Jetta",2023-11-21
528,"Jane Brown","David Jones",569,"BMW C-Class",2023-11-27
529,"Sophia Williams","Christopher Miller",441,"Mercedes-Benz Jetta",2023-11-24
530,"Sophia Brown","Emma Johnson",425,"Nissan F-150",2023-11-14
531,"Sophia Jones","Michael Johnson",988,"Ford Accord",2023-11-04
532,"Jane Davis","Jane Jones",519,"Toyota Altima",2023-11-01
533,"Jane Brown","David Brown",685,"Chevrolet 3 Series",2023-11-10
534,"Emily Smith","Emma Miller",693,"Mercedes-Benz Altima",2023-11-01
535,"Emily Williams","David Miller",833,"Ford Camry",2023-11-08
536,"Emma Jones","Jane Miller",511,"Honda Accord",2023-11-20
537,"David Smith","Emily Williams",87,"Honda 3 Series",2023-11-20
538,"John Brown","Sophia Smith",578,"Ford 3 Series",2023-11-10
539,"David Davis","Christopher Miller",784,"Honda 3 Series",2023-11-21
540,"Emma Johnson","David Brown",90,"Volkswagen F-150",2023-11-04
541,"Sophia Smith","Michael Williams",965,"Ford F-150",2023-11-04
542,"David Johnson","Sophia Jones",877,"Volkswagen Civic",2023-11-08
543,"Sophia Miller","David Brown",545,"Ford Civic",2023-11-19
544,"Jane Smith","Sophia Miller",503,"Mercedes-Benz Jetta",2023-11-25
545,"Michael Johnson","David Johnson",807,"Ford Accord",2023-11-07
546,"David Johnson","Jane Williams",675,"Nissan 3 Series",2023-11-15
547,"Sophia Miller","David Davis",892,"Volkswagen Civic",2023-11-26
548,"Sophia Davis","Sophia Wilson",113,"Honda Camry",2023-11-02
549,"John Davis","David Wilson",809,"Ford 3 Series",2023-11-09
550,"Sophia Johnson","Jane Smith",461,"Chevrolet Civic",2023-11-28
551,"Emily Smith","Jane Brown",50,"BMW Camry",2023-11-19
552,"Christopher Johnson","Christopher Brown",551,"Chevrolet 3 Series",2023-11-12
553,"David Wilson","John Brown",710,"Ford Altima",2023-11-30
554,"Jane Wilson","Sophia Johnson",876,"Volkswagen 3 Series",2023-11-09
555,"David Miller","Emily Wilson",595,"BMW Camry",2023-11-14
556,"Sophia Brown","Emma Davis",839,"Honda Jetta",2023-11-13
557,"Emily Brown","Christopher Brown",680,"BMW F-150",2023-11-03
558,"Christopher Brown","Emily Williams",621,"Chevrolet Altima",2023-11-09
559,"Michael Jones","John Jones",200,"Volkswagen Accord",2023-11-09
560,"John Johnson","Emma Jones",23,"Chevrolet Camry",2023-11-03
561,"John Johnson","Emma Johnson",951,"BMW Camry",2023-11-06
562,"Emma Smith","Sophia Davis",789,"Honda Accord",2023-11-30
563,"Emily Smith","Jane Davis",871,"Chevrolet Altima",2023-11-25
564,"John Williams","David Davis",232,"Chevrolet Altima",2023-11-22
565,"Jane Jones","David Williams",837,"Toyota C-Class",2023-11-14
566,"Emily Johnson","Jane Davis",501,"Volkswagen C-Class",2023-11-28
567,"Michael Davis","Emma Davis",603,"Chevrolet C-Class",2023-11-14
568,"Michael Williams","Jane Williams",449,"Chevrolet C-Class",2023-11-24
569,"Emily Williams","Christopher Brown",658,"Ford F-150",2023-11-16
570,"Emma Jones","Sophia Smith",643,"Volkswagen Accord",2023-11-12
571,"Emily Smith","David Smith",362,"Honda Civic",2023-11-18
572,"Christopher Davis","Christopher Brown",572,"Chevrolet Accord",2023-11-16
573,"Emma Williams","Emily Johnson",189,"Chevrolet Civic",2023-11-03
574,"Emma Brown","Christopher Jones",759,"Mercedes-Benz Altima",2023-11-19
575,"John Johnson","Emma Johnson",973,"Toyota F-150",2023-11-25
576,"John Johnson","Sophia Davis",178,"Volkswagen Altima",2023-11-10
577,"Christopher Williams","Michael Williams",103,"Mercedes-Benz C-Class",2023-11-25
578,"Emma Johnson","Sophia Wilson",665,"Mercedes-Benz Camry",2023-11-29
579,"Christopher Jones","Christopher Smith",73,"Volkswagen Civic",2023-11-09
580,"Emily Johnson","Christopher Johnson",330,"Ford Accord",2023-11-25
581,"Emma Miller","Emily Brown",872,"Honda Civic",2023-11-26
582,"Emma Brown","Emma Brown",896,"Volkswagen C-Class",2023-11-12
583,"Michael Williams","Emma Williams",242,"BMW F-150",2023-11-15
584,"Emily Smith","Michael Johnson",316,"Nissan C-Class",2023-11-02
585,"Michael Johnson","Emily Miller",959,"Mercedes-Benz Civic",2023-11-15
586,"John Wilson","Jane Miller",708,"Nissan 3 Series",2023-11-12
587,"John Miller","Emily Davis",658,"Mercedes-Benz Civic",2023-11-13
588,"Emma Wilson","Michael Miller",598,"Toyota Accord",2023-11-29
589,"Christopher Johnson","Michael Brown",674,"Chevrolet 3 Series",2023-11-01
590,"Christopher Williams","David Davis",427,"Chevrolet C-Class",2023-11-07
591,"Emma Jones","Sophia Davis",255,"Toyota Altima",2023-11-07
592,"John Smith","John Wilson",197,"BMW Camry",2023-11-11
593,"Jane Johnson","David Davis",18,"Toyota 3 Series",2023-11-18
594,"Sophia Davis","Emma Jones",683,"Honda 3 Series",2023-11-29
595,"Emma Brown","Jane Brown",914,"Toyota Camry",2023-11-02
596,"Christopher Miller","John Davis",108,"Ford Camry",2023-11-23
597,"Emma Davis","Christopher Brown",828,"Honda Jetta",2023-11-19
598,"David Williams","Jane Johnson",660,"BMW Civic",2023-11-27
599,"Christopher Davis","Michael Johnson",534,"Honda Accord",2023-11-16
600,"Christopher Smith","John Johnson",14,"Toyota Accord",2023-11-17
601,"John Johnson","David Smith",963,"Honda F-150",2023-11-02
602,"David Davis","Christopher Williams",662,"Ford Jetta",2023-11-11
603,"Michael Davis","Christopher Brown",480,"Toyota 3 Series",2023-11-09
604,"John Williams","Michael Smith",877,"Honda F-150",2023-11-27
605,"Sophia Johnson","John Jones",60,"Nissan C-Class",2023-11-27
606,"John Miller","Emily Wilson",224,"Honda Civic",2023-11-03
607,"John Johnson","David Davis",152,"Volkswagen 3 Series",2023-11-10
608,"Jane Brown","Christopher Wilson",712,"Chevrolet 3 Series",2023-11-09
609,"Jane Davis","Christopher Davis",861,"Honda F-150",2023-11-19
610,"Emma Smith","John Miller",595,"Toyota F-150",2023-11-03
611,"Sophia Wilson","Emily Davis",672,"Nissan Civic",2023-11-21
612,"David Johnson","Christopher Williams",664,"Nissan 3 Series",2023-11-03
613,"Sophia Miller","Michael Smith",26,"BMW 3 Series",2023-11-19
614,"John Jones","David Smith",423,"Chevrolet Altima",2023-11-08
615,"Emma Brown","Jane Williams",240,"Nissan F-150",2023-11-06
616,"Michael Miller","David Davis",634,"BMW Jetta",2023-11-15
617,"Emma Williams","Michael Jones",886,"Nissan Civic",2023-11-19
618,"Christopher Smith","Christopher Brown",443,"Toyota Altima",2023-11-07
619,"Christopher Brown","Emma Smith",470,"Honda 3 Series",2023-11-07
620,"Emily Davis","John Miller",535,"Toyota Accord",2023-11-10
621,"Emily Brown","Michael Smith",705,"Ford Camry",2023-11-11
622,"Christopher Williams","Jane Brown",634,"Ford 3 Series",2023-11-11
623,"Michael Davis","Christopher Brown",511,"Mercedes-Benz F-150",2023-11-18
624,"John Wilson","Christopher Davis",150,"Toyota 3 Series",2023-11-06
625,"Michael Brown","Sophia Miller",253,"Ford Altima",2023-11-15
626,"John Miller","Christopher Jones",669,"Chevrolet 3 Series",2023-11-18
627,"Emily Brown","John Smith",798,"Volkswagen Civic",2023-11-01
628,"Michael Miller","Emily Jones",815,"Honda Civic",2023-11-17
629,"Sophia Williams","John Jones",933,"Ford Altima",2023-11-07
630,"Michael Johnson","Michael Miller",103,"BMW Altima",2023-11-05
631,"Emma Davis","David Williams",49,"BMW C-Class",2023-11-25
632,"Christopher Johnson","Sophia Johnson",574,"BMW Accord",2023-11-20
633,"John Brown","David Brown",912,"Mercedes-Benz 3 Series",2023-11-20
634,"Emily Williams","Sophia Brown",372,"Ford Altima",2023-11-24
635,"John Davis","Sophia Smith",566,"Nissan Camry",2023-11-21
636,"David Miller","Christopher Jones",912,"Ford F-150",2023-11-16
637,"Sophia Williams","Emma Johnson",405,"Volkswagen 3 Series",2023-11-22
638,"Emma Wilson","Michael Johnson",978,"Chevrolet Civic",2023-11-09
639,"John Johnson","Emily Johnson",880,"Honda Camry",2023-11-02
640,"Emily Smith","Sophia Miller",466,"BMW Accord",2023-11-13
641,"Christopher Davis","John Wilson",684,"Mercedes-Benz Jetta",2023-11-18
642,"Emma Miller","Michael Williams",369,"Ford Camry",2023-11-19
643,"John Johnson","David Wilson",831,"Nissan Altima",2023-11-04
644,"Emily Smith","Michael Davis",424,"BMW C-Class",2023-11-28
645,"Emily Williams","Christopher Davis",656,"Volkswagen 3 Series",2023-11-08
646,"Christopher Wilson","David Johnson",163,"Nissan Jetta",2023-11-10
647,"Sophia Wilson","Jane Brown",685,"Honda Camry",2023-11-23
648,"John Jones","Emma Brown",437,"Honda Altima",2023-11-24
649,"Christopher Johnson","David Jones",919,"Volkswagen Jetta",2023-11-07
650,"Jane Johnson","Michael Brown",475,"Mercedes-Benz F-150",2023-11-21
651,"John Miller","Emily Davis",828,"Chevrolet Jetta",2023-11-17
652,"Jane Wilson","John Smith",343,"BMW Civic",2023-11-17
653,"Jane Jones","Michael Johnson",818,"Mercedes-Benz Camry",2023-11-10
654,"Sophia Brown","Christopher Williams",995,"Ford Altima",2023-11-27
655,"Michael Jones","Christopher Williams",462,"Nissan C-Class",2023-11-21
656,"Sophia Williams","John Davis",194,"Volkswagen Camry",2023-11-27
657,"Emma Jones","Sophia Smith",114,"Toyota C-Class",2023-11-16
658,"Jane Williams","Christopher Johnson",808,"Honda Accord",2023-11-01
659,"Emily Miller","Emily Miller",229,"Toyota Civic",2023-11-27
660,"Sophia Jones","Sophia Wilson",111,"Mercedes-Benz 3 Series",2023-11-21
661,"Christopher Smith","David Smith",973,"BMW F-150",2023-11-04
662,"Emily Brown","Emma Jones",377,"Honda Jetta",2023-11-14
663,"Christopher Davis","Christopher Miller",464,"Volkswagen F-150",2023-11-07
664,"Sophia Miller","Sophia Brown",221,"Chevrolet Accord",2023-11-08
665,"Emily Brown","Emily Brown",653,"Toyota 3 Series",2023-11-23
666,"Emily Brown","Michael Smith",479,"Toyota Camry",2023-11-07
667,"Sophia Brown","Jane Jones",530,"Honda Altima",2023-11-14
668,"Emily Brown","John Williams",942,"Ford Civic",2023-11-05
669,"Sophia Brown","Sophia Davis",123,"BMW C-Class",2023-11-17
670,"Sophia Davis","John Johnson",219,"Volkswagen Accord",2023-11-09
671,"David Miller","Emma Miller",983,"Nissan 3 Series",2023-11-11
672,"Christopher Smith","Jane Jones",30,"Nissan F-150",2023-11-10
673,"John Miller","Christopher Brown",255,"Toyota Jetta",2023-11-18
674,"David Johnson","Sophia Williams",34,"Chevrolet F-150",2023-11-27
675,"Christopher Williams","John Smith",367,"Volkswagen F-150",2023-11-02
676,"Christopher Johnson","John Miller",226,"BMW Jetta",2023-11-29
677,"David Williams","Emma Johnson",417,"Ford Accord",2023-11-03
678,"Christopher Davis","Jane Jones",162,"Chevrolet C-Class",2023-11-04
679,"Jane Johnson","David Brown",623,"Nissan 3 Series",2023-11-23
680,"Christopher Wilson","David Miller",954,"BMW Jetta",2023-11-30
681,"Emily Williams","Michael Johnson",496,"Toyota F-150",2023-11-07
682,"Jane Miller","Sophia Wilson",787,"Volkswagen Altima",2023-11-11
683,"David Williams","Jane Miller",468,"Nissan F-150",2023-11-07
684,"John Brown","Jane Brown",258,"Toyota Accord",2023-11-13
685,"Michael Jones","John Brown",351,"Toyota Camry",2023-11-25
686,"Jane Wilson","Christopher Smith",32,"Mercedes-Benz 3 Series",2023-11-12
687,"John Davis","Jane Williams",479,"BMW Camry",2023-11-17
688,"Michael Wilson","Emma Brown",580,"Mercedes-Benz Accord",2023-11-25
689,"Michael Davis","David Miller",434,"Ford Camry",2023-11-16
690,"Sophia Johnson","Emily Jones",960,"Mercedes-Benz F-150",2023-11-03
691,"Emily Miller","Emily Davis",173,"Nissan Civic",2023-11-14
692,"Sophia Johnson","David Davis",309,"Mercedes-Benz Jetta",2023-11-09
693,"Emily Johnson","Jane Brown",775,"Chevrolet Accord",2023-11-08
694,"Emma Smith","Emily Davis",49,"Nissan Civic",2023-11-02
695,"Emily Brown","Emma Jones",722,"Ford Jetta",2023-11-21
696,"Emily Johnson","Michael Davis",307,"Ford Accord",2023-11-23
697,"Jane Miller","Jane Williams",188,"Toyota 3 Series",2023-11-26
698,"John Jones","Sophia Davis",731,"Honda F-150",2023-11-14
699,"Emma Jones","Emily Wilson",726,"Mercedes-Benz Altima",2023-11-16
700,"David Johnson","Sophia Miller",415,"Toyota Civic",2023-11-08
701,"Michael Jones","Michael Williams",168,"Honda Jetta",2023-11-20
702,"Emma Wilson","John Smith",622,"Chevrolet Camry",2023-11-07
703,"Michael Williams","Jane Jones",429,"Volkswagen 3 Series",2023-11-19
704,"Jane Jones","Sophia Johnson",756,"Nissan Accord",2023-11-10
705,"David Jones","Emma Williams",195,"BMW Accord",2023-11-25
706,"Sophia Wilson","Michael Johnson",848,"Volkswagen 3 Series",2023-11-04
707,"Jane Davis","Michael Johnson",196,"Chevrolet Accord",2023-11-20
708,"Michael Davis","David Williams",561,"Nissan Civic",2023-11-07
709,"Sophia Williams","Emily Davis",627,"Chevrolet C-Class",2023-11-20
710,"Sophia Brown","Michael Williams",885,"Toyota 3 Series",2023-11-17
711,"Jane Smith","Sophia Miller",984,"BMW 3 Series",2023-11-13
712,"Sophia Miller","John Miller",299,"Ford Altima",2023-11-19
713,"Jane Davis","Emily Williams",847,"Mercedes-Benz Civic",2023-11-12
714,"David Brown","Christopher Brown",593,"Ford Civic",2023-11-16
715,"David Jones","Jane Williams",682,"Mercedes-Benz Civic",2023-11-01
716,"Emma Jones","Christopher Jones",130,"Nissan C-Class",2023-11-05
717,"Sophia Miller","Christopher Jones",501,"Honda Accord",2023-11-19
718,"Sophia Williams","Emma Williams",307,"Nissan C-Class",2023-11-10
719,"Michael Miller","Sophia Smith",11,"Nissan C-Class",2023-11-03
720,"Emma Johnson","Michael Johnson",119,"BMW Accord",2023-11-01
721,"Sophia Davis","Jane Johnson",981,"Toyota Civic",2023-11-02
722,"John Miller","Sophia Brown",696,"Nissan 3 Series",2023-11-08
723,"Emma Brown","Michael Miller",500,"Volkswagen 3 Series",2023-11-26
724,"Emma Davis","Christopher Miller",531,"Toyota 3 Series",2023-11-27
725,"David Smith","Sophia Jones",612,"Honda Civic",2023-11-03
726,"Emily Wilson","Christopher Williams",156,"Ford F-150",2023-11-16
727,"Michael Brown","Michael Smith",588,"Chevrolet F-150",2023-11-08
728,"Jane Smith","Christopher Wilson",151,"Nissan F-150",2023-11-29
729,"Sophia Wilson","Sophia Miller",422,"Toyota C-Class",2023-11-06
730,"Christopher Johnson","Michael Wilson",402,"Nissan Civic",2023-11-12
731,"David Johnson","Christopher Johnson",881,"BMW Altima",2023-11-21
732,"Emma Brown","Christopher Brown",707,"Ford Civic",2023-11-17
733,"Jane Brown","David Miller",295,"Toyota 3 Series",2023-11-13
734,"John Jones","Emily Wilson",879,"BMW Altima",2023-11-26
735,"Emily Wilson","Emily Miller",33,"Mercedes-Benz 3 Series",2023-11-03
736,"David Miller","David Brown",695,"Honda F-150",2023-11-22
737,"John Wilson","Emily Jones",662,"Mercedes-Benz F-150",2023-11-22
738,"Jane Jones","Jane Wilson",936,"Toyota 3 Series",2023-11-02
739,"Michael Johnson","David Wilson",531,"Volkswagen C-Class",2023-11-08
740,"Emily Brown","Christopher Brown",932,"BMW C-Class",2023-11-03
741,"Sophia Brown","Emma Smith",351,"Honda Jetta",2023-11-04
742,"Michael Miller","Emma Wilson",489,"Honda Altima",2023-11-08
743,"Emma Jones","Michael Davis",933,"Toyota C-Class",2023-11-13
744,"Emily Smith","John Williams",343,"Ford Camry",2023-11-23
745,"David Smith","Jane Davis",705,"BMW Camry",2023-11-06
746,"Jane Smith","Michael Miller",742,"Nissan Accord",2023-11-27
747,"Michael Brown","David Jones",452,"Ford Camry",2023-11-07
748,"Emma Wilson","John Davis",563,"BMW 3 Series",2023-11-16
749,"John Davis","Emma Williams",855,"Honda F-150",2023-11-10
750,"John Jones","Christopher Miller",334,"Mercedes-Benz Altima",2023-11-01
751,"Michael Williams","John Miller",698,"Honda Accord",2023-11-04
752,"Sophia Brown","Michael Johnson",72,"Mercedes-Benz Accord",2023-11-04
753,"Emily Davis","Jane Davis",823,"Ford C-Class",2023-11-25
754,"John Jones","Emma Johnson",134,"Mercedes-Benz Jetta",2023-11-04
755,"Emma Brown","John Smith",95,"Chevrolet Camry",2023-11-16
756,"Sophia Davis","John Wilson",252,"Nissan F-150",2023-11-25
757,"John Williams","Emily Jones",662,"Honda F-150",2023-11-02
758,"Emily Williams","Emily Jones",362,"Chevrolet C-Class",2023-11-11
759,"John Jones","David Davis",119,"Toyota Altima",2023-11-01
760,"David Johnson","John Davis",641,"Toyota F-150",2023-11-04
761,"David Johnson","Emily Smith",534,"Mercedes-Benz C-Class",2023-11-10
762,"Michael Brown","Emma Davis",590,"Honda C-Class",2023-11-01
763,"John Davis","Sophia Smith",343,"Toyota Accord",2023-11-26
764,"Emily Williams","John Smith",567,"Toyota Accord",2023-11-13
765,"David Brown","David Johnson",918,"Volkswagen Accord",2023-11-30
766,"David Williams","Jane Brown",319,"Chevrolet Camry",2023-11-21
767,"John Jones","John Davis",565,"Ford Civic",2023-11-09
768,"Emma Johnson","John Brown",233,"BMW C-Class",2023-11-29
769,"John Johnson","John Wilson",95,"BMW Camry",2023-11-03
770,"David Brown","David Jones",445,"Toyota 3 Series",2023-11-13
771,"David Smith","John Smith",573,"Chevrolet Civic",2023-11-15
772,"David Wilson","Sophia Smith",925,"Chevrolet C-Class",2023-11-08
773,"Michael Miller","Sophia Miller",243,"Chevrolet Civic",2023-11-14
774,"David Wilson","John Brown",621,"Toyota Accord",2023-11-27
775,"David Williams","Sophia Brown",299,"Mercedes-Benz F-150",2023-11-21
776,"John Brown","Michael Brown",784,"Mercedes-Benz Jetta",2023-11-30
777,"David Davis","Sophia Wilson",127,"BMW Altima",2023-11-14
778,"Emma Johnson","John Jones",836,"Volkswagen 3 Series",2023-11-24
779,"Christopher Jones","Emily Wilson",293,"Ford C-Class",2023-11-08
780,"Christopher Williams","Emma Wilson",307,"Honda Altima",2023-11-27
781,"Jane Jones","Christopher Miller",550,"Volkswagen F-150",2023-11-08
782,"David Davis","Christopher Johnson",127,"Toyota Accord",2023-11-27
783,"Emily Brown","David Jones",861,"Nissan Civic",2023-11-30
784,"Emily Miller","Christopher Wilson",776,"Ford Civic",2023-11-19
785,"Emily Miller","Emma Johnson",459,"Toyota Altima",2023-11-18
786,"Sophia Wilson","Jane Smith",561,"Volkswagen Camry",2023-11-10
787,"David Wilson","Jane Williams",719,"Mercedes-Benz F-150",2023-11-29
788,"Christopher Brown","David Miller",330,"Chevrolet C-Class",2023-11-04
789,"Emily Smith","Emily Williams",379,"Volkswagen Accord",2023-11-13
790,"Emily Davis","David Williams",676,"Mercedes-Benz Civic",2023-11-16
791,"Sophia Brown","David Davis",75,"Chevrolet Jetta",2023-11-18
792,"Sophia Williams","Emily Brown",867,"Nissan F-150",2023-11-30
793,"Christopher Davis","Jane Wilson",62,"Toyota Camry",2023-11-29
794,"John Davis","Jane Smith",227,"Ford 3 Series",2023-11-05
795,"Sophia Smith","Jane Brown",611,"Volkswagen 3 Series",2023-11-24
796,"Sophia Smith","Jane Wilson",812,"Honda Accord",2023-11-29
797,"Emily Johnson","Christopher Davis",436,"Mercedes-Benz Altima",2023-11-01
798,"Christopher Johnson","Sophia Williams",995,"Honda C-Class",2023-11-28
799,"David Wilson","Emma Miller",958,"Nissan Altima",2023-11-12
800,"Jane Brown","Christopher Davis",728,"Mercedes-Benz Accord",2023-11-14
801,"Emily Smith","John Johnson",208,"BMW Accord",2023-11-08
802,"Jane Johnson","Emma Davis",17,"Chevrolet Accord",2023-11-04
803,"Christopher Brown","David Jones",948,"Honda Accord",2023-11-30
804,"Emily Davis","Michael Jones",212,"Chevrolet Civic",2023-11-21
805,"Michael Johnson","Emily Davis",430,"Mercedes-Benz Altima",2023-11-07
806,"Michael Smith","John Williams",260,"BMW Accord",2023-11-16
807,"Michael Smith","Michael Jones",996,"Toyota C-Class",2023-11-26
808,"David Johnson","Emily Brown",657,"Chevrolet 3 Series",2023-11-25
809,"Michael Miller","Sophia Williams",141,"Honda 3 Series",2023-11-21
810,"David Williams","Jane Smith",902,"Chevrolet F-150",2023-11-26
811,"John Miller","Emily Miller",285,"Toyota Jetta",2023-11-30
812,"Emily Jones","David Williams",607,"Mercedes-Benz Accord",2023-11-19
813,"Christopher Wilson","Christopher Williams",337,"Chevrolet Jetta",2023-11-12
814,"David Miller","David Johnson",448,"Chevrolet Altima",2023-11-04
815,"David Jones","Sophia Wilson",366,"Mercedes-Benz Jetta",2023-11-22
816,"Christopher Jones","Sophia Williams",918,"BMW Jetta",2023-11-10
817,"Emily Miller","Jane Jones",801,"Honda Altima",2023-11-05
818,"Michael Williams","Emily Wilson",501,"Honda Camry",2023-11-06
819,"David Jones","Emma Miller",623,"Volkswagen 3 Series",2023-11-26
820,"John Miller","Emma Miller",10,"Mercedes-Benz C-Class",2023-11-24
821,"David Jones","Emily Brown",343,"Chevrolet Accord",2023-11-08
822,"Emma Brown","John Johnson",239,"BMW Accord",2023-11-06
823,"Michael Johnson","Sophia Johnson",934,"Volkswagen 3 Series",2023-11-12
824,"David Williams","John Davis",455,"BMW Jetta",2023-11-06
825,"Sophia Wilson","John Wilson",488,"Nissan Altima",2023-11-11
826,"David Jones","Sophia Smith",908,"Nissan Altima",2023-11-29
827,"John Davis","Emily Brown",136,"Toyota Altima",2023-11-04
828,"David Wilson","Emily Brown",222,"Toyota Camry",2023-11-18
829,"John Johnson","David Wilson",652,"Honda 3 Series",2023-11-28
830,"Sophia Johnson","Emily Miller",660,"Ford Jetta",2023-11-18
831,"Emily Smith","Christopher Miller",113,"BMW Civic",2023-11-14
832,"Emily Williams","Emma Smith",215,"BMW Camry",2023-11-01
833,"Emily Smith","David Wilson",99,"Ford Camry",2023-11-01
834,"Michael Wilson","John Smith",409,"Ford Altima",2023-11-20
835,"Sophia Jones","Michael Jones",789,"Nissan Altima",2023-11-08
836,"Emma Miller","Sophia Johnson",313,"Toyota Jetta",2023-11-25
837,"John Jones","John Brown",351,"Ford Camry",2023-11-19
838,"Christopher Brown","David Williams",296,"BMW Civic",2023-11-21
839,"Sophia Williams","David Wilson",304,"Honda C-Class",2023-11-08
840,"Christopher Davis","Emily Wilson",480,"Honda Accord",2023-11-04
841,"Jane Williams","Michael Miller",288,"BMW Civic",2023-11-13
842,"David Williams","Christopher Jones",205,"Mercedes-Benz Camry",2023-11-14
843,"David Johnson","David Jones",550,"Volkswagen C-Class",2023-11-29
844,"Emma Davis","David Williams",664,"Volkswagen C-Class",2023-11-25
845,"John Smith","John Williams",953,"Nissan Accord",2023-11-11
846,"Christopher Miller","John Miller",15,"Toyota Jetta",2023-11-07
847,"Sophia Miller","John Davis",207,"Honda Camry",2023-11-12
848,"Christopher Davis","Christopher Jones",110,"Volkswagen F-150",2023-11-18
849,"Jane Jones","Christopher Brown",264,"BMW Accord",2023-11-30
850,"David Smith","Sophia Davis",851,"Chevrolet Camry",2023-11-28
851,"Emily Smith","Emma Johnson",651,"Mercedes-Benz C-Class",2023-11-02
852,"David Johnson","John Johnson",313,"Volkswagen Altima",2023-11-27
853,"David Johnson","Emily Jones",236,"Toyota C-Class",2023-11-01
854,"David Jones","Jane Smith",694,"BMW Civic",2023-11-05
855,"Christopher Smith","Christopher Davis",127,"Toyota Camry",2023-11-30
856,"Emma Smith","Emma Johnson",540,"Mercedes-Benz Camry",2023-11-04
857,"Christopher Wilson","Christopher Brown",880,"Honda C-Class",2023-11-13
858,"Emily Wilson","David Johnson",679,"Nissan C-Class",2023-11-08
859,"Emily Miller","Emma Wilson",448,"Nissan Accord",2023-11-29
860,"Emma Williams","Emma Wilson",594,"Volkswagen Civic",2023-11-06
861,"Emma Brown","David Davis",430,"Chevrolet Camry",2023-11-30
862,"Christopher Smith","Emma Johnson",692,"BMW C-Class",2023-11-04
863,"Christopher Smith","Emma Miller",383,"Ford Civic",2023-11-03
864,"Christopher Smith","Jane Brown",239,"BMW Jetta",2023-11-14
865,"Emma Smith","David Wilson",174,"Nissan F-150",2023-11-16
866,"David Williams","Jane Brown",286,"Nissan F-150",2023-11-24
867,"Emily Williams","Michael Davis",741,"BMW Jetta",2023-11-30
868,"Emma Brown","Sophia Smith",966,"Mercedes-Benz F-150",2023-11-01
869,"Jane Wilson","Emily Brown",539,"Honda 3 Series",2023-11-29
870,"Michael Davis","John Jones",666,"Nissan F-150",2023-11-13
871,"Sophia Wilson","Jane Wilson",18,"Chevrolet 3 Series",2023-11-28
872,"Sophia Williams","Emma Williams",976,"Mercedes-Benz Accord",2023-11-07
873,"Christopher Miller","Jane Johnson",816,"Chevrolet Civic",2023-11-07
874,"John Miller","David Miller",285,"Volkswagen Jetta",2023-11-09
875,"Sophia Wilson","John Williams",866,"Volkswagen Camry",2023-11-27
876,"Jane Brown","Sophia Davis",551,"BMW C-Class",2023-11-02
877,"Jane Wilson","Emma Smith",189,"Volkswagen 3 Series",2023-11-15
878,"Sophia Johnson","Jane Johnson",933,"Nissan 3 Series",2023-11-19
879,"Michael Davis","Jane Williams",39,"Nissan Jetta",2023-11-18
880,"Michael Davis","Jane Smith",880,"Mercedes-Benz C-Class",2023-11-29
881,"John Jones","Christopher Johnson",244,"Ford F-150",2023-11-28
882,"Jane Wilson","Christopher Jones",774,"BMW Camry",2023-11-22
883,"Sophia Jones","Sophia Johnson",573,"BMW C-Class",2023-11-03
884,"Jane Brown","Emily Jones",231,"Toyota Accord",2023-11-05
885,"Sophia Wilson","Michael Davis",812,"BMW C-Class",2023-11-03
886,"Jane Williams","David Davis",372,"Nissan F-150",2023-11-26
887,"Sophia Miller","Christopher Williams",602,"Toyota Civic",2023-11-19
888,"Michael Wilson","Emily Williams",732,"Chevrolet Jetta",2023-11-29
889,"Emily Johnson","Sophia Jones",719,"Chevrolet Jetta",2023-11-04
890,"David Williams","Jane Williams",104,"BMW Civic",2023-11-05
891,"Michael Johnson","Sophia Miller",526,"Chevrolet Altima",2023-11-19
892,"David Miller","Jane Wilson",33,"Mercedes-Benz F-150",2023-11-01
893,"Sophia Wilson","David Jones",972,"Toyota 3 Series",2023-11-10
894,"John Wilson","Christopher Wilson",926,"Ford 3 Series",2023-11-29
895,"John Johnson","David Davis",38,"Honda Jetta",2023-11-16
896,"Michael Williams","David Smith",507,"Mercedes-Benz Altima",2023-11-05
897,"Michael Brown","Jane Smith",465,"Mercedes-Benz C-Class",2023-11-06
898,"Christopher Miller","Sophia Miller",523,"Volkswagen 3 Series",2023-11-04
899,"Jane Wilson","Michael Jones",774,"BMW Civic",2023-11-04
900,"David Jones","John Smith",770,"Ford Altima",2023-11-11
901,"John Smith","Sophia Jones",922,"BMW C-Class",2023-11-12
902,"Emily Smith","Jane Smith",49,"Nissan Accord",2023-11-29
903,"Sophia Brown","Michael Davis",427,"Ford Camry",2023-11-16
904,"Christopher Davis","Sophia Wilson",31,"Toyota C-Class",2023-11-09
905,"David Brown","Emma Davis",73,"Toyota C-Class",2023-11-14
906,"John Jones","Emily Johnson",516,"Toyota Jetta",2023-11-09
907,"Christopher Wilson","John Johnson",790,"Chevrolet C-Class",2023-11-11
908,"Jane Williams","Christopher Miller",957,"Volkswagen C-Class",2023-11-04
909,"John Jones","David Wilson",389,"Toyota Camry",2023-11-29
910,"Christopher Miller","Jane Miller",312,"Mercedes-Benz Jetta",2023-11-30
911,"David Smith","Christopher Wilson",503,"Mercedes-Benz C-Class",2023-11-15
912,"John Miller","Emma Miller",538,"Chevrolet Altima",2023-11-18
913,"Sophia Johnson","Jane Jones",828,"Ford C-Class",2023-11-12
914,"Emma Williams","John Brown",922,"Ford C-Class",2023-11-07
915,"Christopher Smith","David Smith",53,"Volkswagen C-Class",2023-11-26
916,"Michael Davis","Sophia Smith",725,"Ford F-150",2023-11-25
917,"Christopher Johnson","David Johnson",611,"Chevrolet F-150",2023-11-24
918,"Sophia Miller","Emily Williams",492,"Toyota Altima",2023-11-30
919,"Michael Williams","Emily Miller",949,"Volkswagen 3 Series",2023-11-27
920,"John Davis","Christopher Brown",842,"Honda Civic",2023-11-26
921,"John Johnson","David Johnson",396,"Toyota F-150",2023-11-19
922,"Michael Davis","Emma Jones",761,"Toyota Camry",2023-11-24
923,"John Wilson","Emily Johnson",228,"Honda F-150",2023-11-30
924,"Emily Jones","Sophia Williams",907,"Mercedes-Benz C-Class",2023-11-11
925,"Sophia Miller","Emily Wilson",98,"Nissan Civic",2023-11-22
926,"Christopher Miller","Jane Brown",829,"Ford Camry",2023-11-21
927,"Sophia Miller","Emily Johnson",681,"Volkswagen Jetta",2023-11-07
928,"Emma Smith","David Williams",80,"Mercedes-Benz Altima",2023-11-06
929,"John Williams","John Wilson",111,"Honda F-150",2023-11-04
930,"Sophia Jones","John Jones",762,"Chevrolet C-Class",2023-11-23
931,"Sophia Wilson","Jane Johnson",187,"Volkswagen Civic",2023-11-18
932,"Emma Jones","John Miller",442,"Mercedes-Benz Jetta",2023-11-16
933,"Jane Brown","Sophia Johnson",248,"Nissan Accord",2023-11-12
934,"Emma Smith","Emma Smith",721,"BMW F-150",2023-11-03
935,"Christopher Brown","Sophia Johnson",705,"Mercedes-Benz Altima",2023-11-20
936,"David Wilson","David Davis",775,"BMW Camry",2023-11-21
937,"John Davis","Sophia Brown",479,"Chevrolet Accord",2023-11-30
938,"David Wilson","Emily Davis",423,"Volkswagen Altima",2023-11-20
939,"Emily Davis","Jane Brown",284,"Nissan Camry",2023-11-28
940,"Emily Jones","Emily Miller",599,"BMW Altima",2023-11-12
941,"David Wilson","Emily Brown",964,"Mercedes-Benz Altima",2023-11-13
942,"Emily Miller","John Davis",812,"Volkswagen Civic",2023-11-03
943,"Emma Wilson","Emma Wilson",296,"Mercedes-Benz C-Class",2023-11-01
944,"Emily Jones","Emily Brown",865,"Volkswagen Civic",2023-11-01
945,"John Miller","Jane Brown",474,"Chevrolet F-150",2023-11-27
946,"Michael Brown","Jane Miller",806,"Nissan Jetta",2023-11-27
947,"David Williams","Sophia Williams",784,"Nissan Altima",2023-11-07
948,"Emma Wilson","Michael Wilson",887,"Honda Camry",2023-11-17
949,"David Brown","Sophia Brown",825,"BMW Jetta",2023-11-07
950,"Sophia Jones","Emily Miller",497,"Toyota Jetta",2023-11-26
951,"Emily Miller","Jane Williams",541,"Nissan Accord",2023-11-12
952,"Jane Jones","Christopher Davis",578,"Toyota C-Class",2023-11-01
953,"Christopher Smith","Emily Brown",386,"Honda F-150",2023-11-27
954,"John Davis","Michael Davis",740,"Toyota C-Class",2023-11-05
955,"Sophia Brown","Emily Williams",286,"Mercedes-Benz Accord",2023-11-13
956,"Emily Jones","Emma Jones",15,"Honda F-150",2023-11-20
957,"Michael Brown","Jane Wilson",617,"Mercedes-Benz Jetta",2023-11-03
958,"Emma Miller","Sophia Smith",37,"Mercedes-Benz Camry",2023-11-30
959,"Emma Williams","David Jones",521,"Mercedes-Benz Camry",2023-11-15
960,"Sophia Smith","David Brown",307,"Mercedes-Benz F-150",2023-11-11
961,"Emily Johnson","Emma Johnson",462,"Ford Jetta",2023-11-05
962,"Emma Johnson","Emma Brown",572,"Mercedes-Benz Altima",2023-11-30
963,"Emma Brown","Emily Miller",630,"Chevrolet Accord",2023-11-27
964,"Sophia Jones","David Miller",734,"Toyota C-Class",2023-11-30
965,"Michael Davis","Emily Davis",956,"BMW Camry",2023-11-22
966,"Jane Brown","Emily Davis",280,"Honda Accord",2023-11-21
967,"John Jones","Christopher Jones",178,"Chevrolet Accord",2023-11-03
968,"Emma Smith","Jane Williams",53,"Mercedes-Benz 3 Series",2023-11-07
969,"John Davis","David Davis",452,"Mercedes-Benz 3 Series",2023-11-08
970,"Jane Smith","Michael Brown",482,"BMW Camry",2023-11-14
971,"Michael Smith","John Brown",942,"Toyota C-Class",2023-11-19
972,"Emma Miller","Jane Johnson",941,"Nissan Altima",2023-11-28
973,"Sophia Brown","John Johnson",999,"Ford Camry",2023-11-05
974,"Sophia Smith","Christopher Jones",379,"Nissan Civic",2023-11-11
975,"Christopher Johnson","David Miller",396,"Toyota Jetta",2023-11-16
976,"Jane Miller","David Smith",127,"Nissan F-150",2023-11-09
977,"Sophia Williams","Christopher Jones",519,"Chevrolet Accord",2023-11-24
978,"Sophia Miller","Emily Wilson",874,"Mercedes-Benz Jetta",2023-11-04
979,"Michael Brown","Christopher Williams",869,"Toyota C-Class",2023-11-16
980,"David Wilson","Jane Miller",720,"Chevrolet Camry",2023-11-06
981,"Emma Jones","Emma Davis",689,"Nissan 3 Series",2023-11-10
982,"Michael Wilson","John Wilson",528,"Volkswagen Accord",2023-11-11
983,"Jane Miller","Michael Smith",301,"Ford Camry",2023-11-05
984,"David Johnson","Christopher Miller",829,"Chevrolet Altima",2023-11-01
985,"Christopher Davis","Sophia Smith",358,"Chevrolet Accord",2023-11-06
986,"Emily Jones","Emma Williams",738,"Nissan C-Class",2023-11-01
987,"Emma Johnson","Sophia Smith",719,"Chevrolet 3 Series",2023-11-07
988,"Jane Brown","Emma Miller",638,"Honda 3 Series",2023-11-25
989,"Emma Williams","John Williams",316,"Nissan Civic",2023-11-16
990,"Christopher Williams","Emma Brown",393,"Ford Camry",2023-11-19
991,"Jane Davis","Emily Williams",861,"Volkswagen Accord",2023-11-30
992,"Jane Williams","Christopher Miller",366,"BMW Altima",2023-11-11
993,"Jane Davis","David Davis",420,"Volkswagen C-Class",2023-11-12
994,"Emily Smith","John Williams",508,"BMW Jetta",2023-11-28
995,"Christopher Wilson","Emily Johnson",554,"Volkswagen Civic",2023-11-23
996,"David Johnson","Christopher Wilson",748,"Honda Camry",2023-11-19
997,"John Wilson","Christopher Jones",874,"Nissan F-150",2023-11-30
998,"John Davis","Emma Williams",545,"Mercedes-Benz Jetta",2023-11-03
999,"David Smith","Michael Brown",934,"Volkswagen Camry",2023-11-18
1000,"Emma Williams","Emily Williams",568,"Mercedes-Benz Jetta",2023-11-13
